image,label
acne_0001.jpg,acne
acne_0002.jpg,acne
acne_0003.jpg,acne
acne_0004.jpg,acne
acne_0005.jpg,acne
acne_0006.jpg,acne
acne_0007.jpg,acne
acne_0008.jpg,acne
acne_0009.jpg,acne
acne_0010.jpg,acne
acne_0011.jpg,acne
acne_0012.jpg,acne
acne_0013.jpg,acne
acne_0014.jpg,acne
acne_0015.jpg,acne
acne_0016.jpg,acne
acne_0017.jpg,acne
acne_0018.jpg,acne
acne_0019.jpg,acne
acne_0020.jpg,acne
acne_0021.jpg,acne
acne_0022.jpg,acne
acne_0023.jpg,acne
acne_0024.jpg,acne
acne_0025.jpg,acne
acne_0026.jpg,acne
acne_0027.jpg,acne
acne_0028.jpg,acne
acne_0029.jpg,acne
acne_0030.jpg,acne
acne_0031.jpg,acne
acne_0032.jpg,acne
acne_0033.jpg,acne
acne_0034.jpg,acne
acne_0035.jpg,acne
acne_0036.jpg,acne
acne_0037.jpg,acne
acne_0038.jpg,acne
acne_0039.jpg,acne
acne_0040.jpg,acne
acne_0041.jpg,acne
acne_0042.jpg,acne
acne_0043.jpg,acne
acne_0044.jpg,acne
acne_0045.jpg,acne
acne_0046.jpg,acne
acne_0047.jpg,acne
acne_0048.jpg,acne
acne_0049.jpg,acne
acne_0050.jpg,acne
acne_0051.jpg,acne
acne_0052.jpg,acne
acne_0053.jpg,acne
acne_0054.jpg,acne
acne_0055.jpg,acne
acne_0056.jpg,acne
acne_0057.jpg,acne
acne_0058.jpg,acne
acne_0059.jpg,acne
acne_0060.jpg,acne
acne_0061.jpg,acne
acne_0062.jpg,acne
acne_0063.jpg,acne
acne_0064.jpg,acne
acne_0065.jpg,acne
acne_0066.jpg,acne
acne_0067.jpg,acne
acne_0068.jpg,acne
acne_0069.jpg,acne
acne_0070.jpg,acne
acne_0071.jpg,acne
acne_0072.jpg,acne
acne_0073.jpg,acne
acne_0074.jpg,acne
acne_0075.jpg,acne
acne_0076.jpg,acne
acne_0077.jpg,acne
acne_0078.jpg,acne
acne_0079.jpg,acne
acne_0080.jpg,acne
acne_0081.jpg,acne
acne_0082.jpg,acne
acne_0083.jpg,acne
acne_0084.jpg,acne
acne_0085.jpg,acne
acne_0086.jpg,acne
acne_0087.jpg,acne
acne_0088.jpg,acne
acne_0089.jpg,acne
acne_0090.jpg,acne
acne_0091.jpg,acne
acne_0092.jpg,acne
acne_0093.jpg,acne
acne_0094.jpg,acne
acne_0095.jpg,acne
acne_0096.jpg,acne
acne_0097.jpg,acne
acne_0098.jpg,acne
acne_0099.jpg,acne
acne_0100.jpg,acne
acne_0101.jpg,acne
acne_0102.jpg,acne
acne_0103.jpg,acne
acne_0104.jpg,acne
acne_0105.jpg,acne
acne_0106.jpg,acne
acne_0107.jpg,acne
acne_0108.jpg,acne
acne_0109.jpg,acne
acne_0110.jpg,acne
acne_0111.jpg,acne
acne_0112.jpg,acne
acne_0113.jpg,acne
acne_0114.jpg,acne
acne_0115.jpg,acne
acne_0116.jpg,acne
acne_0117.jpg,acne
acne_0118.jpg,acne
acne_0119.jpg,acne
acne_0120.jpg,acne
acne_0121.jpg,acne
acne_0122.jpg,acne
acne_0123.jpg,acne
acne_0124.jpg,acne
acne_0125.jpg,acne
acne_0126.jpg,acne
acne_0127.jpg,acne
acne_0128.jpg,acne
acne_0129.jpg,acne
acne_0130.jpg,acne
acne_0131.jpg,acne
acne_0132.jpg,acne
acne_0133.jpg,acne
acne_0134.jpg,acne
acne_0135.jpg,acne
acne_0136.jpg,acne
acne_0137.jpg,acne
acne_0138.jpg,acne
acne_0139.jpg,acne
acne_0140.jpg,acne
acne_0141.jpg,acne
acne_0142.jpg,acne
acne_0143.jpg,acne
acne_0144.jpg,acne
acne_0145.jpg,acne
acne_0146.jpg,acne
acne_0147.jpg,acne
acne_0148.jpg,acne
acne_0149.jpg,acne
acne_0150.jpg,acne
acne_0151.jpg,acne
acne_0152.jpg,acne
acne_0153.jpg,acne
acne_0154.jpg,acne
acne_0155.jpg,acne
acne_0156.jpg,acne
acne_0157.jpg,acne
acne_0158.jpg,acne
acne_0159.jpg,acne
acne_0160.jpg,acne
acne_0161.jpg,acne
acne_0162.jpg,acne
acne_0163.jpg,acne
acne_0164.jpg,acne
acne_0165.jpg,acne
acne_0166.jpg,acne
acne_0167.jpg,acne
acne_0168.jpg,acne
acne_0169.jpg,acne
acne_0170.jpg,acne
acne_0171.jpg,acne
acne_0172.jpg,acne
acne_0173.jpg,acne
acne_0174.jpg,acne
acne_0175.jpg,acne
acne_0176.jpg,acne
acne_0177.jpg,acne
acne_0178.jpg,acne
acne_0179.jpg,acne
acne_0180.jpg,acne
acne_0181.jpg,acne
acne_0182.jpg,acne
acne_0183.jpg,acne
acne_0184.jpg,acne
acne_0185.jpg,acne
acne_0186.jpg,acne
acne_0187.jpg,acne
acne_0188.jpg,acne
acne_0189.jpg,acne
acne_0190.jpg,acne
acne_0191.jpg,acne
acne_0192.jpg,acne
acne_0193.jpg,acne
acne_0194.jpg,acne
acne_0195.jpg,acne
acne_0196.jpg,acne
acne_0197.jpg,acne
acne_0198.jpg,acne
acne_0199.jpg,acne
acne_0200.jpg,acne
acne_0201.jpg,acne
acne_0202.jpg,acne
acne_0203.jpg,acne
acne_0204.jpg,acne
acne_0205.jpg,acne
acne_0206.jpg,acne
acne_0207.jpg,acne
acne_0208.jpg,acne
acne_0209.jpg,acne
acne_0210.jpg,acne
acne_0211.jpg,acne
acne_0212.jpg,acne
acne_0213.jpg,acne
acne_0214.jpg,acne
acne_0215.jpg,acne
acne_0216.jpg,acne
acne_0217.jpg,acne
acne_0218.jpg,acne
acne_0219.jpg,acne
acne_0220.jpg,acne
acne_0221.jpg,acne
acne_0222.jpg,acne
acne_0223.jpg,acne
acne_0224.jpg,acne
acne_0225.jpg,acne
acne_0226.jpg,acne
acne_0227.jpg,acne
acne_0228.jpg,acne
acne_0229.jpg,acne
acne_0230.jpg,acne
acne_0231.jpg,acne
acne_0232.jpg,acne
acne_0233.jpg,acne
acne_0234.jpg,acne
acne_0235.jpg,acne
acne_0236.jpg,acne
acne_0237.jpg,acne
acne_0238.jpg,acne
acne_0239.jpg,acne
acne_0240.jpg,acne
acne_0241.jpg,acne
acne_0242.jpg,acne
acne_0243.jpg,acne
acne_0244.jpg,acne
acne_0245.jpg,acne
acne_0246.jpg,acne
acne_0247.jpg,acne
acne_0248.jpg,acne
acne_0249.jpg,acne
acne_0250.jpg,acne
acne_0251.jpg,acne
acne_0252.jpg,acne
acne_0253.jpg,acne
acne_0254.jpg,acne
acne_0255.jpg,acne
acne_0256.jpg,acne
acne_0257.jpg,acne
acne_0258.jpg,acne
acne_0259.jpg,acne
acne_0260.jpg,acne
acne_0261.jpg,acne
acne_0262.jpg,acne
acne_0263.jpg,acne
acne_0264.jpg,acne
acne_0265.jpg,acne
acne_0266.jpg,acne
acne_0267.jpg,acne
acne_0268.jpg,acne
acne_0269.jpg,acne
acne_0270.jpg,acne
acne_0271.jpg,acne
acne_0272.jpg,acne
acne_0273.jpg,acne
acne_0274.jpg,acne
acne_0275.jpg,acne
acne_0276.jpg,acne
acne_0277.jpg,acne
acne_0278.jpg,acne
acne_0279.jpg,acne
acne_0280.jpg,acne
acne_0281.jpg,acne
acne_0282.jpg,acne
acne_0283.jpg,acne
acne_0284.jpg,acne
acne_0285.jpg,acne
acne_0286.jpg,acne
acne_0287.jpg,acne
acne_0288.jpg,acne
acne_0289.jpg,acne
acne_0290.jpg,acne
acne_0291.jpg,acne
acne_0292.jpg,acne
acne_0293.jpg,acne
acne_0294.jpg,acne
acne_0295.jpg,acne
acne_0296.jpg,acne
acne_0297.jpg,acne
acne_0298.jpg,acne
acne_0299.jpg,acne
acne_0300.jpg,acne
acne_0301.jpg,acne
acne_0302.jpg,acne
acne_0303.jpg,acne
acne_0304.jpg,acne
acne_0305.jpg,acne
acne_0306.jpg,acne
acne_0307.jpg,acne
acne_0308.jpg,acne
acne_0309.jpg,acne
acne_0310.jpg,acne
acne_0311.jpg,acne
acne_0312.jpg,acne
acne_0313.jpg,acne
acne_0314.jpg,acne
acne_0315.jpg,acne
acne_0316.jpg,acne
acne_0317.jpg,acne
acne_0318.jpg,acne
acne_0319.jpg,acne
acne_0320.jpg,acne
acne_0321.jpg,acne
acne_0322.jpg,acne
acne_0323.jpg,acne
acne_0324.jpg,acne
acne_0325.jpg,acne
acne_0326.jpg,acne
acne_0327.jpg,acne
acne_0328.jpg,acne
acne_0329.jpg,acne
acne_0330.jpg,acne
acne_0331.jpg,acne
acne_0332.jpg,acne
acne_0333.jpg,acne
acne_0334.jpg,acne
acne_0335.jpg,acne
acne_0336.jpg,acne
acne_0337.jpg,acne
acne_0338.jpg,acne
acne_0339.jpg,acne
acne_0340.jpg,acne
acne_0341.jpg,acne
acne_0342.jpg,acne
acne_0343.jpg,acne
acne_0344.jpg,acne
acne_0345.jpg,acne
acne_0346.jpg,acne
acne_0347.jpg,acne
acne_0348.jpg,acne
acne_0349.jpg,acne
acne_0350.jpg,acne
acne_0351.jpg,acne
acne_0352.jpg,acne
acne_0353.jpg,acne
acne_0354.jpg,acne
acne_0355.jpg,acne
acne_0356.jpg,acne
acne_0357.jpg,acne
acne_0358.jpg,acne
acne_0359.jpg,acne
acne_0360.jpg,acne
acne_0361.jpg,acne
acne_0362.jpg,acne
acne_0363.jpg,acne
acne_0364.jpg,acne
acne_0365.jpg,acne
acne_0366.jpg,acne
acne_0367.jpg,acne
acne_0368.jpg,acne
acne_0369.jpg,acne
acne_0370.jpg,acne
acne_0371.jpg,acne
acne_0372.jpg,acne
acne_0373.jpg,acne
acne_0374.jpg,acne
acne_0375.jpg,acne
acne_0376.jpg,acne
acne_0377.jpg,acne
acne_0378.jpg,acne
acne_0379.jpg,acne
acne_0380.jpg,acne
acne_0381.jpg,acne
acne_0382.jpg,acne
acne_0383.jpg,acne
acne_0384.jpg,acne
acne_0385.jpg,acne
acne_0386.jpg,acne
acne_0387.jpg,acne
acne_0388.jpg,acne
acne_0389.jpg,acne
acne_0390.jpg,acne
acne_0391.jpg,acne
acne_0392.jpg,acne
acne_0393.jpg,acne
acne_0394.jpg,acne
acne_0395.jpg,acne
acne_0396.jpg,acne
acne_0397.jpg,acne
acne_0398.jpg,acne
acne_0399.jpg,acne
acne_0400.jpg,acne
blackheades_0001.jpg,blackheades
blackheades_0002.jpg,blackheades
blackheades_0003.jpg,blackheades
blackheades_0004.jpg,blackheades
blackheades_0005.jpg,blackheades
blackheades_0006.jpg,blackheades
blackheades_0007.jpg,blackheades
blackheades_0008.jpg,blackheades
blackheades_0009.jpg,blackheades
blackheades_0010.jpg,blackheades
blackheades_0011.jpg,blackheades
blackheades_0012.jpg,blackheades
blackheades_0013.jpg,blackheades
blackheades_0014.jpg,blackheades
blackheades_0015.jpg,blackheades
blackheades_0016.jpg,blackheades
blackheades_0017.jpg,blackheades
blackheades_0018.jpg,blackheades
blackheades_0019.jpg,blackheades
blackheades_0020.jpg,blackheades
blackheades_0021.jpg,blackheades
blackheades_0022.jpg,blackheades
blackheades_0023.jpg,blackheades
blackheades_0024.jpg,blackheades
blackheades_0025.jpg,blackheades
blackheades_0026.jpg,blackheades
blackheades_0027.jpg,blackheades
blackheades_0028.jpg,blackheades
blackheades_0029.jpg,blackheades
blackheades_0030.jpg,blackheades
blackheades_0031.jpg,blackheades
blackheades_0032.jpg,blackheades
blackheades_0033.jpg,blackheades
blackheades_0034.jpg,blackheades
blackheades_0035.jpg,blackheades
blackheades_0036.jpg,blackheades
blackheades_0037.jpg,blackheades
blackheades_0038.jpg,blackheades
blackheades_0039.jpg,blackheades
blackheades_0040.jpg,blackheades
blackheades_0041.jpg,blackheades
blackheades_0042.jpg,blackheades
blackheades_0043.jpg,blackheades
blackheades_0044.jpg,blackheades
blackheades_0045.jpg,blackheades
blackheades_0046.jpg,blackheades
blackheades_0047.jpg,blackheades
blackheades_0048.jpg,blackheades
blackheades_0049.jpg,blackheades
blackheades_0050.jpg,blackheades
blackheades_0051.jpg,blackheades
blackheades_0052.jpg,blackheades
blackheades_0053.jpg,blackheades
blackheades_0054.jpg,blackheades
blackheades_0055.jpg,blackheades
blackheades_0056.jpg,blackheades
blackheades_0057.jpg,blackheades
blackheades_0058.jpg,blackheades
blackheades_0059.jpg,blackheades
blackheades_0060.jpg,blackheades
blackheades_0061.jpg,blackheades
blackheades_0062.jpg,blackheades
blackheades_0063.jpg,blackheades
blackheades_0064.jpg,blackheades
blackheades_0065.jpg,blackheades
blackheades_0066.jpg,blackheades
blackheades_0067.jpg,blackheades
blackheades_0068.jpg,blackheades
blackheades_0069.jpg,blackheades
blackheades_0070.jpg,blackheades
blackheades_0071.jpg,blackheades
blackheades_0072.jpg,blackheades
blackheades_0073.jpg,blackheades
blackheades_0074.jpg,blackheades
blackheades_0075.jpg,blackheades
blackheades_0076.jpg,blackheades
blackheades_0077.jpg,blackheades
blackheades_0078.jpg,blackheades
blackheades_0079.jpg,blackheades
blackheades_0080.jpg,blackheades
blackheades_0081.jpg,blackheades
blackheades_0082.jpg,blackheades
blackheades_0083.jpg,blackheades
blackheades_0084.jpg,blackheades
blackheades_0085.jpg,blackheades
blackheades_0086.jpg,blackheades
blackheades_0087.jpg,blackheades
blackheades_0088.jpg,blackheades
blackheades_0089.jpg,blackheades
blackheades_0090.jpg,blackheades
blackheades_0091.jpg,blackheades
blackheades_0092.jpg,blackheades
blackheades_0093.jpg,blackheades
blackheades_0094.jpg,blackheades
blackheades_0095.jpg,blackheades
blackheades_0096.jpg,blackheades
blackheades_0097.jpg,blackheades
blackheades_0098.jpg,blackheades
blackheades_0099.jpg,blackheades
blackheades_0100.jpg,blackheades
blackheades_0101.jpg,blackheades
blackheades_0102.jpg,blackheades
blackheades_0103.jpg,blackheades
blackheades_0104.jpg,blackheades
blackheades_0105.jpg,blackheades
blackheades_0106.jpg,blackheades
blackheades_0107.jpg,blackheades
blackheades_0108.jpg,blackheades
blackheades_0109.jpg,blackheades
blackheades_0110.jpg,blackheades
blackheades_0111.jpg,blackheades
blackheades_0112.jpg,blackheades
blackheades_0113.jpg,blackheades
blackheades_0114.jpg,blackheades
blackheades_0115.jpg,blackheades
blackheades_0116.jpg,blackheades
blackheades_0117.jpg,blackheades
blackheades_0118.jpg,blackheades
blackheades_0119.jpg,blackheades
blackheades_0120.jpg,blackheades
blackheades_0121.jpg,blackheades
blackheades_0122.jpg,blackheades
blackheades_0123.jpg,blackheades
blackheades_0124.jpg,blackheades
blackheades_0125.jpg,blackheades
blackheades_0126.jpg,blackheades
blackheades_0127.jpg,blackheades
blackheades_0128.jpg,blackheades
blackheades_0129.jpg,blackheades
blackheades_0130.jpg,blackheades
blackheades_0131.jpg,blackheades
blackheades_0132.jpg,blackheades
blackheades_0133.jpg,blackheades
blackheades_0134.jpg,blackheades
blackheades_0135.jpg,blackheades
blackheades_0136.jpg,blackheades
blackheades_0137.jpg,blackheades
blackheades_0138.jpg,blackheades
blackheades_0139.jpg,blackheades
blackheades_0140.jpg,blackheades
blackheades_0141.jpg,blackheades
blackheades_0142.jpg,blackheades
blackheades_0143.jpg,blackheades
blackheades_0144.jpg,blackheades
blackheades_0145.jpg,blackheades
blackheades_0146.jpg,blackheades
blackheades_0147.jpg,blackheades
blackheades_0148.jpg,blackheades
blackheades_0149.jpg,blackheades
blackheades_0150.jpg,blackheades
blackheades_0151.jpg,blackheades
blackheades_0152.jpg,blackheades
blackheades_0153.jpg,blackheades
blackheades_0154.jpg,blackheades
blackheades_0155.jpg,blackheades
blackheades_0156.jpg,blackheades
blackheades_0157.jpg,blackheades
blackheades_0158.jpg,blackheades
blackheades_0159.jpg,blackheades
blackheades_0160.jpg,blackheades
blackheades_0161.jpg,blackheades
blackheades_0162.jpg,blackheades
blackheades_0163.jpg,blackheades
blackheades_0164.jpg,blackheades
blackheades_0165.jpg,blackheades
blackheades_0166.jpg,blackheades
blackheades_0167.jpg,blackheades
blackheades_0168.jpg,blackheades
blackheades_0169.jpg,blackheades
blackheades_0170.jpg,blackheades
blackheades_0171.jpg,blackheades
blackheades_0172.jpg,blackheades
blackheades_0173.jpg,blackheades
blackheades_0174.jpg,blackheades
blackheades_0175.jpg,blackheades
blackheades_0176.jpg,blackheades
blackheades_0177.jpg,blackheades
blackheades_0178.jpg,blackheades
blackheades_0179.jpg,blackheades
blackheades_0180.jpg,blackheades
blackheades_0181.jpg,blackheades
blackheades_0182.jpg,blackheades
blackheades_0183.jpg,blackheades
blackheades_0184.jpg,blackheades
blackheades_0185.jpg,blackheades
blackheades_0186.jpg,blackheades
blackheades_0187.jpg,blackheades
blackheades_0188.jpg,blackheades
blackheades_0189.jpg,blackheades
blackheades_0190.jpg,blackheades
blackheades_0191.jpg,blackheades
blackheades_0192.jpg,blackheades
blackheades_0193.jpg,blackheades
blackheades_0194.jpg,blackheades
blackheades_0195.jpg,blackheades
blackheades_0196.jpg,blackheades
blackheades_0197.jpg,blackheades
blackheades_0198.jpg,blackheades
blackheades_0199.jpg,blackheades
blackheades_0201.jpg,blackheades
blackheades_0202.jpg,blackheades
blackheades_0203.jpg,blackheades
blackheades_0204.jpg,blackheades
blackheades_0205.jpg,blackheades
blackheades_0206.jpg,blackheades
blackheades_0207.jpg,blackheades
blackheades_0208.jpg,blackheades
blackheades_0209.jpg,blackheades
blackheades_0210.jpg,blackheades
blackheades_0211.jpg,blackheades
blackheades_0212.jpg,blackheades
blackheades_0213.jpg,blackheades
blackheades_0214.jpg,blackheades
blackheades_0215.jpg,blackheades
blackheades_0216.jpg,blackheades
blackheades_0217.jpg,blackheades
blackheades_0218.jpg,blackheades
blackheades_0219.jpg,blackheades
blackheades_0220.jpg,blackheades
blackheades_0221.jpg,blackheades
blackheades_0222.jpg,blackheades
blackheades_0223.jpg,blackheades
blackheades_0224.jpg,blackheades
blackheades_0225.jpg,blackheades
blackheades_0226.jpg,blackheades
blackheades_0227.jpg,blackheades
blackheades_0228.jpg,blackheades
blackheades_0229.jpg,blackheades
blackheades_0230.jpg,blackheades
blackheades_0231.jpg,blackheades
blackheades_0232.jpg,blackheades
blackheades_0233.jpg,blackheades
blackheades_0234.jpg,blackheades
blackheades_0235.jpg,blackheades
blackheades_0236.jpg,blackheades
blackheades_0237.jpg,blackheades
blackheades_0238.jpg,blackheades
blackheades_0239.jpg,blackheades
blackheades_0240.jpg,blackheades
blackheades_0241.jpg,blackheades
blackheades_0242.jpg,blackheades
blackheades_0243.jpg,blackheades
blackheades_0244.jpg,blackheades
blackheades_0245.jpg,blackheades
blackheades_0246.jpg,blackheades
blackheades_0247.jpg,blackheades
blackheades_0248.jpg,blackheades
blackheades_0249.jpg,blackheades
blackheades_0250.jpg,blackheades
blackheades_0251.jpg,blackheades
blackheades_0252.jpg,blackheades
blackheades_0253.jpg,blackheades
blackheades_0254.jpg,blackheades
blackheades_0255.jpg,blackheades
blackheades_0256.jpg,blackheades
blackheades_0257.jpg,blackheades
blackheades_0258.jpg,blackheades
blackheades_0259.jpg,blackheades
blackheades_0260.jpg,blackheades
blackheades_0261.jpg,blackheades
blackheades_0262.jpg,blackheades
blackheades_0263.jpg,blackheades
blackheades_0264.jpg,blackheades
blackheades_0265.jpg,blackheades
blackheades_0266.jpg,blackheades
blackheades_0267.jpg,blackheades
blackheades_0268.jpg,blackheades
blackheades_0269.jpg,blackheades
blackheades_0270.jpg,blackheades
blackheades_0271.jpg,blackheades
blackheades_0272.jpg,blackheades
blackheades_0273.jpg,blackheades
blackheades_0274.jpg,blackheades
blackheades_0275.jpg,blackheades
blackheades_0276.jpg,blackheades
blackheades_0277.jpg,blackheades
blackheades_0278.jpg,blackheades
blackheades_0279.jpg,blackheades
blackheades_0280.jpg,blackheades
blackheades_0281.jpg,blackheades
blackheades_0282.jpg,blackheades
blackheades_0283.jpg,blackheades
blackheades_0284.jpg,blackheades
blackheades_0285.jpg,blackheades
blackheades_0286.jpg,blackheades
blackheades_0288.jpg,blackheades
blackheades_0289.jpg,blackheades
blackheades_0290.jpg,blackheades
blackheades_0291.jpg,blackheades
blackheades_0292.jpg,blackheades
blackheades_0293.jpg,blackheades
blackheades_0294.jpg,blackheades
blackheades_0295.jpg,blackheades
blackheades_0296.jpg,blackheades
blackheades_0297.jpg,blackheades
blackheades_0298.jpg,blackheades
blackheades_0299.jpg,blackheades
blackheades_0300.jpg,blackheades
blackheades_0301.jpg,blackheades
blackheades_0302.jpg,blackheades
blackheades_0304.jpg,blackheades
blackheades_0305.jpg,blackheades
blackheades_0306.jpg,blackheades
blackheades_0307.jpg,blackheades
blackheades_0308.jpg,blackheades
blackheades_0309.jpg,blackheades
blackheades_0310.jpg,blackheades
blackheades_0311.jpg,blackheades
blackheades_0312.jpg,blackheades
blackheades_0313.jpg,blackheades
blackheades_0314.jpg,blackheades
blackheades_0315.jpg,blackheades
blackheades_0316.jpg,blackheades
blackheades_0317.jpg,blackheades
blackheades_0318.jpg,blackheades
blackheades_0319.jpg,blackheades
blackheades_0320.jpg,blackheades
blackheades_0321.jpg,blackheades
blackheades_0322.jpg,blackheades
blackheades_0323.jpg,blackheades
blackheades_0325.jpg,blackheades
blackheades_0326.jpg,blackheades
blackheades_0327.jpg,blackheades
blackheades_0328.jpg,blackheades
blackheades_0329.jpg,blackheades
blackheades_0330.jpg,blackheades
blackheades_0331.jpg,blackheades
blackheades_0332.jpg,blackheades
blackheades_0333.jpg,blackheades
blackheades_0334.jpg,blackheades
blackheades_0335.jpg,blackheades
blackheades_0336.jpg,blackheades
blackheades_0337.jpg,blackheades
blackheades_0338.jpg,blackheades
blackheades_0339.jpg,blackheades
blackheades_0340.jpg,blackheades
blackheades_0341.jpg,blackheades
blackheades_0342.jpg,blackheades
blackheades_0343.jpg,blackheades
blackheades_0344.jpg,blackheades
blackheades_0345.jpg,blackheades
blackheades_0346.jpg,blackheades
blackheades_0347.jpg,blackheades
blackheades_0348.jpg,blackheades
blackheades_0349.jpg,blackheades
blackheades_0350.jpg,blackheades
blackheades_0351.jpg,blackheades
blackheades_0352.jpg,blackheades
blackheades_0353.jpg,blackheades
blackheades_0354.jpg,blackheades
blackheades_0355.jpg,blackheades
blackheades_0356.jpg,blackheades
blackheades_0357.jpg,blackheades
blackheades_0358.jpg,blackheades
blackheades_0359.jpg,blackheades
blackheades_0360.jpg,blackheades
blackheades_0361.jpg,blackheades
blackheades_0362.jpg,blackheades
blackheades_0363.jpg,blackheades
blackheades_0364.jpg,blackheades
blackheades_0365.jpg,blackheades
blackheades_0366.jpg,blackheades
blackheades_0367.jpg,blackheades
blackheades_0368.jpg,blackheades
blackheades_0369.jpg,blackheades
blackheades_0370.jpg,blackheades
blackheades_0371.jpg,blackheades
blackheades_0372.jpg,blackheades
blackheades_0373.jpg,blackheades
blackheades_0374.jpg,blackheades
blackheades_0375.jpg,blackheades
blackheades_0376.jpg,blackheades
blackheades_0377.jpg,blackheades
blackheades_0378.jpg,blackheades
blackheades_0379.jpg,blackheades
blackheades_0380.jpg,blackheades
blackheades_0381.jpg,blackheades
blackheades_0382.jpg,blackheades
blackheades_0383.jpg,blackheades
blackheades_0384.jpg,blackheades
blackheades_0385.jpg,blackheades
blackheades_0386.jpg,blackheades
blackheades_0387.jpg,blackheades
blackheades_0388.jpg,blackheades
blackheades_0389.jpg,blackheades
blackheades_0390.jpg,blackheades
blackheades_0391.jpg,blackheades
blackheades_0392.jpg,blackheades
blackheades_0393.jpg,blackheades
blackheades_0394.jpg,blackheades
blackheades_0395.jpg,blackheades
blackheades_0396.jpg,blackheades
blackheades_0397.jpg,blackheades
blackheades_0398.jpg,blackheades
blackheades_0399.jpg,blackheades
blackheades_0400.jpg,blackheades
blackheades_replacement_0001.jpg,blackheades
blackheades_replacement_0002.jpg,blackheades
blackheades_replacement_0003.jpg,blackheades
blackheades_replacement_0004.jpg,blackheades
dark_spots_0001.jpg,dark spots
dark_spots_0002.jpg,dark spots
dark_spots_0003.jpg,dark spots
dark_spots_0004.jpg,dark spots
dark_spots_0005.jpg,dark spots
dark_spots_0006.jpg,dark spots
dark_spots_0007.jpg,dark spots
dark_spots_0008.jpg,dark spots
dark_spots_0009.jpg,dark spots
dark_spots_0010.jpg,dark spots
dark_spots_0011.jpg,dark spots
dark_spots_0012.jpg,dark spots
dark_spots_0013.jpg,dark spots
dark_spots_0014.jpg,dark spots
dark_spots_0015.jpg,dark spots
dark_spots_0016.jpg,dark spots
dark_spots_0017.jpg,dark spots
dark_spots_0018.jpg,dark spots
dark_spots_0019.jpg,dark spots
dark_spots_0020.jpg,dark spots
dark_spots_0021.jpg,dark spots
dark_spots_0022.jpg,dark spots
dark_spots_0023.jpg,dark spots
dark_spots_0024.jpg,dark spots
dark_spots_0025.jpg,dark spots
dark_spots_0026.jpg,dark spots
dark_spots_0027.jpg,dark spots
dark_spots_0028.jpg,dark spots
dark_spots_0029.jpg,dark spots
dark_spots_0030.jpg,dark spots
dark_spots_0031.jpg,dark spots
dark_spots_0032.jpg,dark spots
dark_spots_0033.jpg,dark spots
dark_spots_0034.jpg,dark spots
dark_spots_0035.jpg,dark spots
dark_spots_0036.jpg,dark spots
dark_spots_0037.jpg,dark spots
dark_spots_0038.jpg,dark spots
dark_spots_0039.jpg,dark spots
dark_spots_0040.jpg,dark spots
dark_spots_0041.jpg,dark spots
dark_spots_0042.jpg,dark spots
dark_spots_0043.jpg,dark spots
dark_spots_0044.jpg,dark spots
dark_spots_0045.jpg,dark spots
dark_spots_0046.jpg,dark spots
dark_spots_0047.jpg,dark spots
dark_spots_0048.jpg,dark spots
dark_spots_0049.jpg,dark spots
dark_spots_0050.jpg,dark spots
dark_spots_0051.jpg,dark spots
dark_spots_0052.jpg,dark spots
dark_spots_0053.jpg,dark spots
dark_spots_0054.jpg,dark spots
dark_spots_0055.jpg,dark spots
dark_spots_0056.jpg,dark spots
dark_spots_0057.jpg,dark spots
dark_spots_0058.jpg,dark spots
dark_spots_0059.jpg,dark spots
dark_spots_0060.jpg,dark spots
dark_spots_0061.jpg,dark spots
dark_spots_0062.jpg,dark spots
dark_spots_0063.jpg,dark spots
dark_spots_0064.jpg,dark spots
dark_spots_0065.jpg,dark spots
dark_spots_0066.jpg,dark spots
dark_spots_0067.jpg,dark spots
dark_spots_0068.jpg,dark spots
dark_spots_0069.jpg,dark spots
dark_spots_0070.jpg,dark spots
dark_spots_0071.jpg,dark spots
dark_spots_0072.jpg,dark spots
dark_spots_0073.jpg,dark spots
dark_spots_0074.jpg,dark spots
dark_spots_0075.jpg,dark spots
dark_spots_0076.jpg,dark spots
dark_spots_0077.jpg,dark spots
dark_spots_0078.jpg,dark spots
dark_spots_0079.jpg,dark spots
dark_spots_0080.jpg,dark spots
dark_spots_0081.jpg,dark spots
dark_spots_0082.jpg,dark spots
dark_spots_0083.jpg,dark spots
dark_spots_0084.jpg,dark spots
dark_spots_0085.jpg,dark spots
dark_spots_0086.jpg,dark spots
dark_spots_0087.jpg,dark spots
dark_spots_0088.jpg,dark spots
dark_spots_0089.jpg,dark spots
dark_spots_0090.jpg,dark spots
dark_spots_0091.jpg,dark spots
dark_spots_0092.jpg,dark spots
dark_spots_0093.jpg,dark spots
dark_spots_0094.jpg,dark spots
dark_spots_0095.jpg,dark spots
dark_spots_0096.jpg,dark spots
dark_spots_0097.jpg,dark spots
dark_spots_0098.jpg,dark spots
dark_spots_0099.jpg,dark spots
dark_spots_0100.jpg,dark spots
dark_spots_0101.jpg,dark spots
dark_spots_0102.jpg,dark spots
dark_spots_0103.jpg,dark spots
dark_spots_0104.jpg,dark spots
dark_spots_0105.jpg,dark spots
dark_spots_0106.jpg,dark spots
dark_spots_0107.jpg,dark spots
dark_spots_0108.jpg,dark spots
dark_spots_0109.jpg,dark spots
dark_spots_0110.jpg,dark spots
dark_spots_0111.jpg,dark spots
dark_spots_0112.jpg,dark spots
dark_spots_0113.jpg,dark spots
dark_spots_0114.jpg,dark spots
dark_spots_0115.jpg,dark spots
dark_spots_0116.jpg,dark spots
dark_spots_0117.jpg,dark spots
dark_spots_0118.jpg,dark spots
dark_spots_0119.jpg,dark spots
dark_spots_0120.jpg,dark spots
dark_spots_0121.jpg,dark spots
dark_spots_0122.jpg,dark spots
dark_spots_0123.jpg,dark spots
dark_spots_0124.jpg,dark spots
dark_spots_0125.jpg,dark spots
dark_spots_0126.jpg,dark spots
dark_spots_0127.jpg,dark spots
dark_spots_0128.jpg,dark spots
dark_spots_0129.jpg,dark spots
dark_spots_0130.jpg,dark spots
dark_spots_0131.jpg,dark spots
dark_spots_0132.jpg,dark spots
dark_spots_0133.jpg,dark spots
dark_spots_0134.jpg,dark spots
dark_spots_0135.jpg,dark spots
dark_spots_0136.jpg,dark spots
dark_spots_0137.jpg,dark spots
dark_spots_0138.jpg,dark spots
dark_spots_0139.jpg,dark spots
dark_spots_0140.jpg,dark spots
dark_spots_0141.jpg,dark spots
dark_spots_0142.jpg,dark spots
dark_spots_0143.jpg,dark spots
dark_spots_0144.jpg,dark spots
dark_spots_0145.jpg,dark spots
dark_spots_0146.jpg,dark spots
dark_spots_0147.jpg,dark spots
dark_spots_0148.jpg,dark spots
dark_spots_0149.jpg,dark spots
dark_spots_0150.jpg,dark spots
dark_spots_0151.jpg,dark spots
dark_spots_0152.jpg,dark spots
dark_spots_0153.jpg,dark spots
dark_spots_0154.jpg,dark spots
dark_spots_0155.jpg,dark spots
dark_spots_0156.jpg,dark spots
dark_spots_0157.jpg,dark spots
dark_spots_0158.jpg,dark spots
dark_spots_0159.jpg,dark spots
dark_spots_0160.jpg,dark spots
dark_spots_0161.jpg,dark spots
dark_spots_0162.jpg,dark spots
dark_spots_0163.jpg,dark spots
dark_spots_0164.jpg,dark spots
dark_spots_0165.jpg,dark spots
dark_spots_0166.jpg,dark spots
dark_spots_0167.jpg,dark spots
dark_spots_0168.jpg,dark spots
dark_spots_0169.jpg,dark spots
dark_spots_0170.jpg,dark spots
dark_spots_0171.jpg,dark spots
dark_spots_0172.jpg,dark spots
dark_spots_0173.jpg,dark spots
dark_spots_0174.jpg,dark spots
dark_spots_0175.jpg,dark spots
dark_spots_0176.jpg,dark spots
dark_spots_0177.jpg,dark spots
dark_spots_0178.jpg,dark spots
dark_spots_0179.jpg,dark spots
dark_spots_0180.jpg,dark spots
dark_spots_0181.jpg,dark spots
dark_spots_0182.jpg,dark spots
dark_spots_0183.jpg,dark spots
dark_spots_0184.jpg,dark spots
dark_spots_0185.jpg,dark spots
dark_spots_0186.jpg,dark spots
dark_spots_0187.jpg,dark spots
dark_spots_0188.jpg,dark spots
dark_spots_0189.jpg,dark spots
dark_spots_0190.jpg,dark spots
dark_spots_0191.jpg,dark spots
dark_spots_0192.jpg,dark spots
dark_spots_0193.jpg,dark spots
dark_spots_0194.jpg,dark spots
dark_spots_0195.jpg,dark spots
dark_spots_0196.jpg,dark spots
dark_spots_0197.jpg,dark spots
dark_spots_0198.jpg,dark spots
dark_spots_0199.jpg,dark spots
dark_spots_0201.jpg,dark spots
dark_spots_0202.jpg,dark spots
dark_spots_0203.jpg,dark spots
dark_spots_0204.jpg,dark spots
dark_spots_0205.jpg,dark spots
dark_spots_0206.jpg,dark spots
dark_spots_0207.jpg,dark spots
dark_spots_0208.jpg,dark spots
dark_spots_0209.jpg,dark spots
dark_spots_0210.jpg,dark spots
dark_spots_0211.jpg,dark spots
dark_spots_0212.jpg,dark spots
dark_spots_0213.jpg,dark spots
dark_spots_0214.jpg,dark spots
dark_spots_0215.jpg,dark spots
dark_spots_0216.jpg,dark spots
dark_spots_0217.jpg,dark spots
dark_spots_0218.jpg,dark spots
dark_spots_0219.jpg,dark spots
dark_spots_0220.jpg,dark spots
dark_spots_0221.jpg,dark spots
dark_spots_0222.jpg,dark spots
dark_spots_0223.jpg,dark spots
dark_spots_0224.jpg,dark spots
dark_spots_0225.jpg,dark spots
dark_spots_0226.jpg,dark spots
dark_spots_0227.jpg,dark spots
dark_spots_0228.jpg,dark spots
dark_spots_0229.jpg,dark spots
dark_spots_0230.jpg,dark spots
dark_spots_0231.jpg,dark spots
dark_spots_0232.jpg,dark spots
dark_spots_0233.jpg,dark spots
dark_spots_0234.jpg,dark spots
dark_spots_0235.jpg,dark spots
dark_spots_0236.jpg,dark spots
dark_spots_0237.jpg,dark spots
dark_spots_0238.jpg,dark spots
dark_spots_0239.jpg,dark spots
dark_spots_0240.jpg,dark spots
dark_spots_0241.jpg,dark spots
dark_spots_0242.jpg,dark spots
dark_spots_0243.jpg,dark spots
dark_spots_0244.jpg,dark spots
dark_spots_0245.jpg,dark spots
dark_spots_0246.jpg,dark spots
dark_spots_0247.jpg,dark spots
dark_spots_0248.jpg,dark spots
dark_spots_0249.jpg,dark spots
dark_spots_0250.jpg,dark spots
dark_spots_0251.jpg,dark spots
dark_spots_0252.jpg,dark spots
dark_spots_0253.jpg,dark spots
dark_spots_0254.jpg,dark spots
dark_spots_0255.jpg,dark spots
dark_spots_0256.jpg,dark spots
dark_spots_0257.jpg,dark spots
dark_spots_0259.jpg,dark spots
dark_spots_0260.jpg,dark spots
dark_spots_0261.jpg,dark spots
dark_spots_0262.jpg,dark spots
dark_spots_0263.jpg,dark spots
dark_spots_0264.jpg,dark spots
dark_spots_0265.jpg,dark spots
dark_spots_0266.jpg,dark spots
dark_spots_0267.jpg,dark spots
dark_spots_0268.jpg,dark spots
dark_spots_0269.jpg,dark spots
dark_spots_0270.jpg,dark spots
dark_spots_0271.jpg,dark spots
dark_spots_0272.jpg,dark spots
dark_spots_0273.jpg,dark spots
dark_spots_0274.jpg,dark spots
dark_spots_0275.jpg,dark spots
dark_spots_0277.jpg,dark spots
dark_spots_0278.jpg,dark spots
dark_spots_0279.jpg,dark spots
dark_spots_0280.jpg,dark spots
dark_spots_0281.jpg,dark spots
dark_spots_0282.jpg,dark spots
dark_spots_0283.jpg,dark spots
dark_spots_0284.jpg,dark spots
dark_spots_0285.jpg,dark spots
dark_spots_0286.jpg,dark spots
dark_spots_0287.jpg,dark spots
dark_spots_0288.jpg,dark spots
dark_spots_0289.jpg,dark spots
dark_spots_0290.jpg,dark spots
dark_spots_0291.jpg,dark spots
dark_spots_0292.jpg,dark spots
dark_spots_0293.jpg,dark spots
dark_spots_0294.jpg,dark spots
dark_spots_0295.jpg,dark spots
dark_spots_0296.jpg,dark spots
dark_spots_0297.jpg,dark spots
dark_spots_0298.jpg,dark spots
dark_spots_0299.jpg,dark spots
dark_spots_0300.jpg,dark spots
dark_spots_0301.jpg,dark spots
dark_spots_0302.jpg,dark spots
dark_spots_0303.jpg,dark spots
dark_spots_0304.jpg,dark spots
dark_spots_0305.jpg,dark spots
dark_spots_0306.jpg,dark spots
dark_spots_0307.jpg,dark spots
dark_spots_0308.jpg,dark spots
dark_spots_0309.jpg,dark spots
dark_spots_0310.jpg,dark spots
dark_spots_0311.jpg,dark spots
dark_spots_0312.jpg,dark spots
dark_spots_0313.jpg,dark spots
dark_spots_0314.jpg,dark spots
dark_spots_0315.jpg,dark spots
dark_spots_0316.jpg,dark spots
dark_spots_0317.jpg,dark spots
dark_spots_0318.jpg,dark spots
dark_spots_0319.jpg,dark spots
dark_spots_0320.jpg,dark spots
dark_spots_0321.jpg,dark spots
dark_spots_0323.jpg,dark spots
dark_spots_0324.jpg,dark spots
dark_spots_0325.jpg,dark spots
dark_spots_0326.jpg,dark spots
dark_spots_0327.jpg,dark spots
dark_spots_0328.jpg,dark spots
dark_spots_0329.jpg,dark spots
dark_spots_0330.jpg,dark spots
dark_spots_0331.jpg,dark spots
dark_spots_0332.jpg,dark spots
dark_spots_0333.jpg,dark spots
dark_spots_0334.jpg,dark spots
dark_spots_0335.jpg,dark spots
dark_spots_0336.jpg,dark spots
dark_spots_0337.jpg,dark spots
dark_spots_0338.jpg,dark spots
dark_spots_0339.jpg,dark spots
dark_spots_0340.jpg,dark spots
dark_spots_0341.jpg,dark spots
dark_spots_0342.jpg,dark spots
dark_spots_0343.jpg,dark spots
dark_spots_0344.jpg,dark spots
dark_spots_0345.jpg,dark spots
dark_spots_0346.jpg,dark spots
dark_spots_0347.jpg,dark spots
dark_spots_0348.jpg,dark spots
dark_spots_0349.jpg,dark spots
dark_spots_0350.jpg,dark spots
dark_spots_0351.jpg,dark spots
dark_spots_0352.jpg,dark spots
dark_spots_0353.jpg,dark spots
dark_spots_0354.jpg,dark spots
dark_spots_0355.jpg,dark spots
dark_spots_0356.jpg,dark spots
dark_spots_0357.jpg,dark spots
dark_spots_0358.jpg,dark spots
dark_spots_0359.jpg,dark spots
dark_spots_0360.jpg,dark spots
dark_spots_0361.jpg,dark spots
dark_spots_0362.jpg,dark spots
dark_spots_0363.jpg,dark spots
dark_spots_0364.jpg,dark spots
dark_spots_0365.jpg,dark spots
dark_spots_0366.jpg,dark spots
dark_spots_0367.jpg,dark spots
dark_spots_0368.jpg,dark spots
dark_spots_0369.jpg,dark spots
dark_spots_0370.jpg,dark spots
dark_spots_0371.jpg,dark spots
dark_spots_0372.jpg,dark spots
dark_spots_0373.jpg,dark spots
dark_spots_0374.jpg,dark spots
dark_spots_0375.jpg,dark spots
dark_spots_0376.jpg,dark spots
dark_spots_0377.jpg,dark spots
dark_spots_0378.jpg,dark spots
dark_spots_0379.jpg,dark spots
dark_spots_0380.jpg,dark spots
dark_spots_0381.jpg,dark spots
dark_spots_0382.jpg,dark spots
dark_spots_0383.jpg,dark spots
dark_spots_0384.jpg,dark spots
dark_spots_0385.jpg,dark spots
dark_spots_0386.jpg,dark spots
dark_spots_0387.jpg,dark spots
dark_spots_0388.jpg,dark spots
dark_spots_0389.jpg,dark spots
dark_spots_0390.jpg,dark spots
dark_spots_0391.jpg,dark spots
dark_spots_0392.jpg,dark spots
dark_spots_0393.jpg,dark spots
dark_spots_0394.jpg,dark spots
dark_spots_0395.jpg,dark spots
dark_spots_0396.jpg,dark spots
dark_spots_0397.jpg,dark spots
dark_spots_0398.jpg,dark spots
dark_spots_0399.jpg,dark spots
dark_spots_0400.jpg,dark spots
dark_spots_replacement_0001.jpg,dark spots
dark_spots_replacement_0002.jpg,dark spots
dark_spots_replacement_0003.jpg,dark spots
dark_spots_replacement_0004.jpg,dark spots
pores_0001.jpg,pores
pores_0002.jpg,pores
pores_0003.jpg,pores
pores_0004.jpg,pores
pores_0005.jpg,pores
pores_0006.jpg,pores
pores_0007.jpg,pores
pores_0008.jpg,pores
pores_0009.jpg,pores
pores_0010.jpg,pores
pores_0011.jpg,pores
pores_0012.jpg,pores
pores_0013.jpg,pores
pores_0014.jpg,pores
pores_0015.jpg,pores
pores_0016.jpg,pores
pores_0017.jpg,pores
pores_0018.jpg,pores
pores_0019.jpg,pores
pores_0020.jpg,pores
pores_0021.jpg,pores
pores_0022.jpg,pores
pores_0023.jpg,pores
pores_0024.jpg,pores
pores_0025.jpg,pores
pores_0026.jpg,pores
pores_0027.jpg,pores
pores_0028.jpg,pores
pores_0029.jpg,pores
pores_0030.jpg,pores
pores_0031.jpg,pores
pores_0032.jpg,pores
pores_0033.jpg,pores
pores_0034.jpg,pores
pores_0035.jpg,pores
pores_0036.jpg,pores
pores_0037.jpg,pores
pores_0038.jpg,pores
pores_0039.jpg,pores
pores_0040.jpg,pores
pores_0041.jpg,pores
pores_0042.jpg,pores
pores_0043.jpg,pores
pores_0044.jpg,pores
pores_0045.jpg,pores
pores_0046.jpg,pores
pores_0047.jpg,pores
pores_0048.jpg,pores
pores_0049.jpg,pores
pores_0050.jpg,pores
pores_0051.jpg,pores
pores_0052.jpg,pores
pores_0053.jpg,pores
pores_0054.jpg,pores
pores_0055.jpg,pores
pores_0056.jpg,pores
pores_0057.jpg,pores
pores_0058.jpg,pores
pores_0059.jpg,pores
pores_0060.jpg,pores
pores_0061.jpg,pores
pores_0062.jpg,pores
pores_0063.jpg,pores
pores_0064.jpg,pores
pores_0065.jpg,pores
pores_0066.jpg,pores
pores_0067.jpg,pores
pores_0068.jpg,pores
pores_0069.jpg,pores
pores_0070.jpg,pores
pores_0071.jpg,pores
pores_0072.jpg,pores
pores_0073.jpg,pores
pores_0074.jpg,pores
pores_0075.jpg,pores
pores_0076.jpg,pores
pores_0077.jpg,pores
pores_0078.jpg,pores
pores_0079.jpg,pores
pores_0080.jpg,pores
pores_0081.jpg,pores
pores_0082.jpg,pores
pores_0083.jpg,pores
pores_0084.jpg,pores
pores_0085.jpg,pores
pores_0086.jpg,pores
pores_0087.jpg,pores
pores_0088.jpg,pores
pores_0089.jpg,pores
pores_0090.jpg,pores
pores_0091.jpg,pores
pores_0092.jpg,pores
pores_0093.jpg,pores
pores_0094.jpg,pores
pores_0095.jpg,pores
pores_0096.jpg,pores
pores_0097.jpg,pores
pores_0098.jpg,pores
pores_0099.jpg,pores
pores_0100.jpg,pores
pores_0101.jpg,pores
pores_0102.jpg,pores
pores_0103.jpg,pores
pores_0104.jpg,pores
pores_0105.jpg,pores
pores_0106.jpg,pores
pores_0107.jpg,pores
pores_0108.jpg,pores
pores_0109.jpg,pores
pores_0110.jpg,pores
pores_0111.jpg,pores
pores_0112.jpg,pores
pores_0113.jpg,pores
pores_0114.jpg,pores
pores_0115.jpg,pores
pores_0116.jpg,pores
pores_0117.jpg,pores
pores_0118.jpg,pores
pores_0119.jpg,pores
pores_0120.jpg,pores
pores_0121.jpg,pores
pores_0122.jpg,pores
pores_0123.jpg,pores
pores_0124.jpg,pores
pores_0125.jpg,pores
pores_0126.jpg,pores
pores_0127.jpg,pores
pores_0128.jpg,pores
pores_0129.jpg,pores
pores_0130.jpg,pores
pores_0131.jpg,pores
pores_0132.jpg,pores
pores_0133.jpg,pores
pores_0134.jpg,pores
pores_0135.jpg,pores
pores_0136.jpg,pores
pores_0137.jpg,pores
pores_0138.jpg,pores
pores_0139.jpg,pores
pores_0140.jpg,pores
pores_0141.jpg,pores
pores_0142.jpg,pores
pores_0143.jpg,pores
pores_0144.jpg,pores
pores_0145.jpg,pores
pores_0146.jpg,pores
pores_0147.jpg,pores
pores_0148.jpg,pores
pores_0149.jpg,pores
pores_0150.jpg,pores
pores_0151.jpg,pores
pores_0152.jpg,pores
pores_0153.jpg,pores
pores_0154.jpg,pores
pores_0155.jpg,pores
pores_0156.jpg,pores
pores_0157.jpg,pores
pores_0158.jpg,pores
pores_0159.jpg,pores
pores_0160.jpg,pores
pores_0161.jpg,pores
pores_0162.jpg,pores
pores_0163.jpg,pores
pores_0164.jpg,pores
pores_0165.jpg,pores
pores_0166.jpg,pores
pores_0167.jpg,pores
pores_0168.jpg,pores
pores_0169.jpg,pores
pores_0170.jpg,pores
pores_0171.jpg,pores
pores_0172.jpg,pores
pores_0173.jpg,pores
pores_0174.jpg,pores
pores_0175.jpg,pores
pores_0176.jpg,pores
pores_0177.jpg,pores
pores_0178.jpg,pores
pores_0179.jpg,pores
pores_0180.jpg,pores
pores_0181.jpg,pores
pores_0182.jpg,pores
pores_0183.jpg,pores
pores_0184.jpg,pores
pores_0185.jpg,pores
pores_0186.jpg,pores
pores_0187.jpg,pores
pores_0188.jpg,pores
pores_0189.jpg,pores
pores_0190.jpg,pores
pores_0191.jpg,pores
pores_0192.jpg,pores
pores_0193.jpg,pores
pores_0194.jpg,pores
pores_0195.jpg,pores
pores_0196.jpg,pores
pores_0197.jpg,pores
pores_0198.jpg,pores
pores_0199.jpg,pores
pores_0200.jpg,pores
pores_0201.jpg,pores
pores_0202.jpg,pores
pores_0203.jpg,pores
pores_0204.jpg,pores
pores_0205.jpg,pores
pores_0206.jpg,pores
pores_0207.jpg,pores
pores_0208.jpg,pores
pores_0209.jpg,pores
pores_0210.jpg,pores
pores_0211.jpg,pores
pores_0212.jpg,pores
pores_0213.jpg,pores
pores_0214.jpg,pores
pores_0215.jpg,pores
pores_0216.jpg,pores
pores_0217.jpg,pores
pores_0218.jpg,pores
pores_0219.jpg,pores
pores_0220.jpg,pores
pores_0221.jpg,pores
pores_0222.jpg,pores
pores_0223.jpg,pores
pores_0224.jpg,pores
pores_0225.jpg,pores
pores_0226.jpg,pores
pores_0227.jpg,pores
pores_0228.jpg,pores
pores_0229.jpg,pores
pores_0230.jpg,pores
pores_0231.jpg,pores
pores_0232.jpg,pores
pores_0233.jpg,pores
pores_0234.jpg,pores
pores_0235.jpg,pores
pores_0236.jpg,pores
pores_0237.jpg,pores
pores_0238.jpg,pores
pores_0239.jpg,pores
pores_0240.jpg,pores
pores_0241.jpg,pores
pores_0242.jpg,pores
pores_0243.jpg,pores
pores_0244.jpg,pores
pores_0245.jpg,pores
pores_0246.jpg,pores
pores_0247.jpg,pores
pores_0248.jpg,pores
pores_0249.jpg,pores
pores_0250.jpg,pores
pores_0251.jpg,pores
pores_0252.jpg,pores
pores_0253.jpg,pores
pores_0254.jpg,pores
pores_0255.jpg,pores
pores_0256.jpg,pores
pores_0257.jpg,pores
pores_0258.jpg,pores
pores_0259.jpg,pores
pores_0260.jpg,pores
pores_0261.jpg,pores
pores_0262.jpg,pores
pores_0263.jpg,pores
pores_0264.jpg,pores
pores_0265.jpg,pores
pores_0266.jpg,pores
pores_0267.jpg,pores
pores_0268.jpg,pores
pores_0269.jpg,pores
pores_0270.jpg,pores
pores_0271.jpg,pores
pores_0272.jpg,pores
pores_0273.jpg,pores
pores_0274.jpg,pores
pores_0275.jpg,pores
pores_0276.jpg,pores
pores_0277.jpg,pores
pores_0278.jpg,pores
pores_0279.jpg,pores
pores_0280.jpg,pores
pores_0281.jpg,pores
pores_0282.jpg,pores
pores_0283.jpg,pores
pores_0284.jpg,pores
pores_0285.jpg,pores
pores_0286.jpg,pores
pores_0287.jpg,pores
pores_0288.jpg,pores
pores_0289.jpg,pores
pores_0290.jpg,pores
pores_0291.jpg,pores
pores_0292.jpg,pores
pores_0293.jpg,pores
pores_0294.jpg,pores
pores_0295.jpg,pores
pores_0296.jpg,pores
pores_0297.jpg,pores
pores_0298.jpg,pores
pores_0299.jpg,pores
pores_0300.jpg,pores
pores_0301.jpg,pores
pores_0302.jpg,pores
pores_0303.jpg,pores
pores_0304.jpg,pores
pores_0305.jpg,pores
pores_0306.jpg,pores
pores_0307.jpg,pores
pores_0308.jpg,pores
pores_0309.jpg,pores
pores_0310.jpg,pores
pores_0311.jpg,pores
pores_0312.jpg,pores
pores_0313.jpg,pores
pores_0314.jpg,pores
pores_0315.jpg,pores
pores_0316.jpg,pores
pores_0317.jpg,pores
pores_0318.jpg,pores
pores_0319.jpg,pores
pores_0320.jpg,pores
pores_0321.jpg,pores
pores_0322.jpg,pores
pores_0323.jpg,pores
pores_0324.jpg,pores
pores_0325.jpg,pores
pores_0326.jpg,pores
pores_0327.jpg,pores
pores_0328.jpg,pores
pores_0329.jpg,pores
pores_0330.jpg,pores
pores_0331.jpg,pores
pores_0332.jpg,pores
pores_0333.jpg,pores
pores_0334.jpg,pores
pores_0336.jpg,pores
pores_0337.jpg,pores
pores_0338.jpg,pores
pores_0339.jpg,pores
pores_0340.jpg,pores
pores_0341.jpg,pores
pores_0342.jpg,pores
pores_0343.jpg,pores
pores_0344.jpg,pores
pores_0345.jpg,pores
pores_0346.jpg,pores
pores_0348.jpg,pores
pores_0349.jpg,pores
pores_0350.jpg,pores
pores_0351.jpg,pores
pores_0353.jpg,pores
pores_0354.jpg,pores
pores_0355.jpg,pores
pores_0356.jpg,pores
pores_0357.jpg,pores
pores_0358.jpg,pores
pores_0359.jpg,pores
pores_0360.jpg,pores
pores_0361.jpg,pores
pores_0362.jpg,pores
pores_0363.jpg,pores
pores_0364.jpg,pores
pores_0365.jpg,pores
pores_0366.jpg,pores
pores_0367.jpg,pores
pores_0368.jpg,pores
pores_0369.jpg,pores
pores_0370.jpg,pores
pores_0371.jpg,pores
pores_0372.jpg,pores
pores_0373.jpg,pores
pores_0374.jpg,pores
pores_0375.jpg,pores
pores_0376.jpg,pores
pores_0377.jpg,pores
pores_0378.jpg,pores
pores_0379.jpg,pores
pores_0380.jpg,pores
pores_0381.jpg,pores
pores_0382.jpg,pores
pores_0383.jpg,pores
pores_0384.jpg,pores
pores_0385.jpg,pores
pores_0386.jpg,pores
pores_0387.jpg,pores
pores_0388.jpg,pores
pores_0389.jpg,pores
pores_0390.jpg,pores
pores_0391.jpg,pores
pores_0392.jpg,pores
pores_0393.jpg,pores
pores_0394.jpg,pores
pores_0395.jpg,pores
pores_0396.jpg,pores
pores_0397.jpg,pores
pores_0398.jpg,pores
pores_0399.jpg,pores
pores_0400.jpg,pores
pores_replacement_0001.jpg,pores
pores_replacement_0002.jpg,pores
pores_replacement_0003.jpg,pores
wrinkles_0001.jpg,wrinkles
wrinkles_0002.jpg,wrinkles
wrinkles_0003.jpg,wrinkles
wrinkles_0004.jpg,wrinkles
wrinkles_0005.jpg,wrinkles
wrinkles_0006.jpg,wrinkles
wrinkles_0007.jpg,wrinkles
wrinkles_0008.jpg,wrinkles
wrinkles_0009.jpg,wrinkles
wrinkles_0010.jpg,wrinkles
wrinkles_0011.jpg,wrinkles
wrinkles_0012.jpg,wrinkles
wrinkles_0013.jpg,wrinkles
wrinkles_0014.jpg,wrinkles
wrinkles_0015.jpg,wrinkles
wrinkles_0016.jpg,wrinkles
wrinkles_0017.jpg,wrinkles
wrinkles_0018.jpg,wrinkles
wrinkles_0019.jpg,wrinkles
wrinkles_0020.jpg,wrinkles
wrinkles_0021.jpg,wrinkles
wrinkles_0022.jpg,wrinkles
wrinkles_0023.jpg,wrinkles
wrinkles_0024.jpg,wrinkles
wrinkles_0025.jpg,wrinkles
wrinkles_0026.jpg,wrinkles
wrinkles_0027.jpg,wrinkles
wrinkles_0028.jpg,wrinkles
wrinkles_0029.jpg,wrinkles
wrinkles_0030.jpg,wrinkles
wrinkles_0031.jpg,wrinkles
wrinkles_0032.jpg,wrinkles
wrinkles_0033.jpg,wrinkles
wrinkles_0034.jpg,wrinkles
wrinkles_0035.jpg,wrinkles
wrinkles_0036.jpg,wrinkles
wrinkles_0037.jpg,wrinkles
wrinkles_0038.jpg,wrinkles
wrinkles_0039.jpg,wrinkles
wrinkles_0040.jpg,wrinkles
wrinkles_0041.jpg,wrinkles
wrinkles_0042.jpg,wrinkles
wrinkles_0043.jpg,wrinkles
wrinkles_0044.jpg,wrinkles
wrinkles_0045.jpg,wrinkles
wrinkles_0046.jpg,wrinkles
wrinkles_0047.jpg,wrinkles
wrinkles_0048.jpg,wrinkles
wrinkles_0049.jpg,wrinkles
wrinkles_0050.jpg,wrinkles
wrinkles_0051.jpg,wrinkles
wrinkles_0052.jpg,wrinkles
wrinkles_0053.jpg,wrinkles
wrinkles_0054.jpg,wrinkles
wrinkles_0055.jpg,wrinkles
wrinkles_0056.jpg,wrinkles
wrinkles_0057.jpg,wrinkles
wrinkles_0058.jpg,wrinkles
wrinkles_0059.jpg,wrinkles
wrinkles_0060.jpg,wrinkles
wrinkles_0061.jpg,wrinkles
wrinkles_0062.jpg,wrinkles
wrinkles_0063.jpg,wrinkles
wrinkles_0064.jpg,wrinkles
wrinkles_0065.jpg,wrinkles
wrinkles_0066.jpg,wrinkles
wrinkles_0067.jpg,wrinkles
wrinkles_0068.jpg,wrinkles
wrinkles_0069.jpg,wrinkles
wrinkles_0070.jpg,wrinkles
wrinkles_0071.jpg,wrinkles
wrinkles_0072.jpg,wrinkles
wrinkles_0073.jpg,wrinkles
wrinkles_0074.jpg,wrinkles
wrinkles_0075.jpg,wrinkles
wrinkles_0076.jpg,wrinkles
wrinkles_0077.jpg,wrinkles
wrinkles_0078.jpg,wrinkles
wrinkles_0079.jpg,wrinkles
wrinkles_0080.jpg,wrinkles
wrinkles_0081.jpg,wrinkles
wrinkles_0082.jpg,wrinkles
wrinkles_0083.jpg,wrinkles
wrinkles_0084.jpg,wrinkles
wrinkles_0085.jpg,wrinkles
wrinkles_0086.jpg,wrinkles
wrinkles_0087.jpg,wrinkles
wrinkles_0088.jpg,wrinkles
wrinkles_0089.jpg,wrinkles
wrinkles_0090.jpg,wrinkles
wrinkles_0091.jpg,wrinkles
wrinkles_0092.jpg,wrinkles
wrinkles_0093.jpg,wrinkles
wrinkles_0094.jpg,wrinkles
wrinkles_0095.jpg,wrinkles
wrinkles_0096.jpg,wrinkles
wrinkles_0097.jpg,wrinkles
wrinkles_0098.jpg,wrinkles
wrinkles_0099.jpg,wrinkles
wrinkles_0100.jpg,wrinkles
wrinkles_0101.jpg,wrinkles
wrinkles_0102.jpg,wrinkles
wrinkles_0103.jpg,wrinkles
wrinkles_0104.jpg,wrinkles
wrinkles_0105.jpg,wrinkles
wrinkles_0106.jpg,wrinkles
wrinkles_0107.jpg,wrinkles
wrinkles_0108.jpg,wrinkles
wrinkles_0109.jpg,wrinkles
wrinkles_0110.jpg,wrinkles
wrinkles_0111.jpg,wrinkles
wrinkles_0112.jpg,wrinkles
wrinkles_0113.jpg,wrinkles
wrinkles_0114.jpg,wrinkles
wrinkles_0115.jpg,wrinkles
wrinkles_0116.jpg,wrinkles
wrinkles_0117.jpg,wrinkles
wrinkles_0118.jpg,wrinkles
wrinkles_0119.jpg,wrinkles
wrinkles_0120.jpg,wrinkles
wrinkles_0121.jpg,wrinkles
wrinkles_0122.jpg,wrinkles
wrinkles_0123.jpg,wrinkles
wrinkles_0124.jpg,wrinkles
wrinkles_0125.jpg,wrinkles
wrinkles_0126.jpg,wrinkles
wrinkles_0127.jpg,wrinkles
wrinkles_0128.jpg,wrinkles
wrinkles_0129.jpg,wrinkles
wrinkles_0130.jpg,wrinkles
wrinkles_0131.jpg,wrinkles
wrinkles_0132.jpg,wrinkles
wrinkles_0133.jpg,wrinkles
wrinkles_0134.jpg,wrinkles
wrinkles_0135.jpg,wrinkles
wrinkles_0136.jpg,wrinkles
wrinkles_0137.jpg,wrinkles
wrinkles_0138.jpg,wrinkles
wrinkles_0139.jpg,wrinkles
wrinkles_0140.jpg,wrinkles
wrinkles_0141.jpg,wrinkles
wrinkles_0142.jpg,wrinkles
wrinkles_0143.jpg,wrinkles
wrinkles_0144.jpg,wrinkles
wrinkles_0145.jpg,wrinkles
wrinkles_0146.jpg,wrinkles
wrinkles_0147.jpg,wrinkles
wrinkles_0148.jpg,wrinkles
wrinkles_0149.jpg,wrinkles
wrinkles_0150.jpg,wrinkles
wrinkles_0151.jpg,wrinkles
wrinkles_0152.jpg,wrinkles
wrinkles_0153.jpg,wrinkles
wrinkles_0154.jpg,wrinkles
wrinkles_0155.jpg,wrinkles
wrinkles_0156.jpg,wrinkles
wrinkles_0157.jpg,wrinkles
wrinkles_0158.jpg,wrinkles
wrinkles_0159.jpg,wrinkles
wrinkles_0160.jpg,wrinkles
wrinkles_0161.jpg,wrinkles
wrinkles_0162.jpg,wrinkles
wrinkles_0163.jpg,wrinkles
wrinkles_0164.jpg,wrinkles
wrinkles_0165.jpg,wrinkles
wrinkles_0166.jpg,wrinkles
wrinkles_0167.jpg,wrinkles
wrinkles_0168.jpg,wrinkles
wrinkles_0169.jpg,wrinkles
wrinkles_0170.jpg,wrinkles
wrinkles_0171.jpg,wrinkles
wrinkles_0172.jpg,wrinkles
wrinkles_0173.jpg,wrinkles
wrinkles_0174.jpg,wrinkles
wrinkles_0175.jpg,wrinkles
wrinkles_0176.jpg,wrinkles
wrinkles_0177.jpg,wrinkles
wrinkles_0178.jpg,wrinkles
wrinkles_0179.jpg,wrinkles
wrinkles_0180.jpg,wrinkles
wrinkles_0181.jpg,wrinkles
wrinkles_0182.jpg,wrinkles
wrinkles_0183.jpg,wrinkles
wrinkles_0184.jpg,wrinkles
wrinkles_0185.jpg,wrinkles
wrinkles_0186.jpg,wrinkles
wrinkles_0187.jpg,wrinkles
wrinkles_0188.jpg,wrinkles
wrinkles_0189.jpg,wrinkles
wrinkles_0190.jpg,wrinkles
wrinkles_0191.jpg,wrinkles
wrinkles_0192.jpg,wrinkles
wrinkles_0193.jpg,wrinkles
wrinkles_0194.jpg,wrinkles
wrinkles_0195.jpg,wrinkles
wrinkles_0196.jpg,wrinkles
wrinkles_0197.jpg,wrinkles
wrinkles_0198.jpg,wrinkles
wrinkles_0199.jpg,wrinkles
wrinkles_0200.jpg,wrinkles
wrinkles_0201.jpg,wrinkles
wrinkles_0202.jpg,wrinkles
wrinkles_0203.jpg,wrinkles
wrinkles_0204.jpg,wrinkles
wrinkles_0205.jpg,wrinkles
wrinkles_0206.jpg,wrinkles
wrinkles_0207.jpg,wrinkles
wrinkles_0208.jpg,wrinkles
wrinkles_0209.jpg,wrinkles
wrinkles_0210.jpg,wrinkles
wrinkles_0211.jpg,wrinkles
wrinkles_0212.jpg,wrinkles
wrinkles_0213.jpg,wrinkles
wrinkles_0214.jpg,wrinkles
wrinkles_0215.jpg,wrinkles
wrinkles_0216.jpg,wrinkles
wrinkles_0217.jpg,wrinkles
wrinkles_0218.jpg,wrinkles
wrinkles_0219.jpg,wrinkles
wrinkles_0220.jpg,wrinkles
wrinkles_0221.jpg,wrinkles
wrinkles_0222.jpg,wrinkles
wrinkles_0223.jpg,wrinkles
wrinkles_0224.jpg,wrinkles
wrinkles_0225.jpg,wrinkles
wrinkles_0226.jpg,wrinkles
wrinkles_0227.jpg,wrinkles
wrinkles_0228.jpg,wrinkles
wrinkles_0229.jpg,wrinkles
wrinkles_0230.jpg,wrinkles
wrinkles_0231.jpg,wrinkles
wrinkles_0232.jpg,wrinkles
wrinkles_0233.jpg,wrinkles
wrinkles_0234.jpg,wrinkles
wrinkles_0235.jpg,wrinkles
wrinkles_0236.jpg,wrinkles
wrinkles_0237.jpg,wrinkles
wrinkles_0238.jpg,wrinkles
wrinkles_0239.jpg,wrinkles
wrinkles_0240.jpg,wrinkles
wrinkles_0241.jpg,wrinkles
wrinkles_0242.jpg,wrinkles
wrinkles_0243.jpg,wrinkles
wrinkles_0244.jpg,wrinkles
wrinkles_0245.jpg,wrinkles
wrinkles_0246.jpg,wrinkles
wrinkles_0247.jpg,wrinkles
wrinkles_0248.jpg,wrinkles
wrinkles_0249.jpg,wrinkles
wrinkles_0250.jpg,wrinkles
wrinkles_0251.jpg,wrinkles
wrinkles_0252.jpg,wrinkles
wrinkles_0253.jpg,wrinkles
wrinkles_0254.jpg,wrinkles
wrinkles_0255.jpg,wrinkles
wrinkles_0256.jpg,wrinkles
wrinkles_0257.jpg,wrinkles
wrinkles_0258.jpg,wrinkles
wrinkles_0259.jpg,wrinkles
wrinkles_0260.jpg,wrinkles
wrinkles_0261.jpg,wrinkles
wrinkles_0262.jpg,wrinkles
wrinkles_0263.jpg,wrinkles
wrinkles_0264.jpg,wrinkles
wrinkles_0265.jpg,wrinkles
wrinkles_0266.jpg,wrinkles
wrinkles_0267.jpg,wrinkles
wrinkles_0268.jpg,wrinkles
wrinkles_0269.jpg,wrinkles
wrinkles_0270.jpg,wrinkles
wrinkles_0271.jpg,wrinkles
wrinkles_0272.jpg,wrinkles
wrinkles_0273.jpg,wrinkles
wrinkles_0274.jpg,wrinkles
wrinkles_0275.jpg,wrinkles
wrinkles_0276.jpg,wrinkles
wrinkles_0277.jpg,wrinkles
wrinkles_0278.jpg,wrinkles
wrinkles_0279.jpg,wrinkles
wrinkles_0280.jpg,wrinkles
wrinkles_0281.jpg,wrinkles
wrinkles_0282.jpg,wrinkles
wrinkles_0283.jpg,wrinkles
wrinkles_0284.jpg,wrinkles
wrinkles_0285.jpg,wrinkles
wrinkles_0286.jpg,wrinkles
wrinkles_0287.jpg,wrinkles
wrinkles_0288.jpg,wrinkles
wrinkles_0289.jpg,wrinkles
wrinkles_0290.jpg,wrinkles
wrinkles_0291.jpg,wrinkles
wrinkles_0292.jpg,wrinkles
wrinkles_0293.jpg,wrinkles
wrinkles_0294.jpg,wrinkles
wrinkles_0295.jpg,wrinkles
wrinkles_0296.jpg,wrinkles
wrinkles_0297.jpg,wrinkles
wrinkles_0298.jpg,wrinkles
wrinkles_0299.jpg,wrinkles
wrinkles_0300.jpg,wrinkles
wrinkles_0301.jpg,wrinkles
wrinkles_0302.jpg,wrinkles
wrinkles_0303.jpg,wrinkles
wrinkles_0304.jpg,wrinkles
wrinkles_0305.jpg,wrinkles
wrinkles_0306.jpg,wrinkles
wrinkles_0307.jpg,wrinkles
wrinkles_0308.jpg,wrinkles
wrinkles_0309.jpg,wrinkles
wrinkles_0310.jpg,wrinkles
wrinkles_0311.jpg,wrinkles
wrinkles_0312.jpg,wrinkles
wrinkles_0313.jpg,wrinkles
wrinkles_0314.jpg,wrinkles
wrinkles_0315.jpg,wrinkles
wrinkles_0316.jpg,wrinkles
wrinkles_0317.jpg,wrinkles
wrinkles_0318.jpg,wrinkles
wrinkles_0319.jpg,wrinkles
wrinkles_0320.jpg,wrinkles
wrinkles_0321.jpg,wrinkles
wrinkles_0322.jpg,wrinkles
wrinkles_0323.jpg,wrinkles
wrinkles_0324.jpg,wrinkles
wrinkles_0325.jpg,wrinkles
wrinkles_0326.jpg,wrinkles
wrinkles_0327.jpg,wrinkles
wrinkles_0328.jpg,wrinkles
wrinkles_0329.jpg,wrinkles
wrinkles_0330.jpg,wrinkles
wrinkles_0331.jpg,wrinkles
wrinkles_0332.jpg,wrinkles
wrinkles_0333.jpg,wrinkles
wrinkles_0334.jpg,wrinkles
wrinkles_0335.jpg,wrinkles
wrinkles_0336.jpg,wrinkles
wrinkles_0337.jpg,wrinkles
wrinkles_0338.jpg,wrinkles
wrinkles_0339.jpg,wrinkles
wrinkles_0340.jpg,wrinkles
wrinkles_0341.jpg,wrinkles
wrinkles_0342.jpg,wrinkles
wrinkles_0343.jpg,wrinkles
wrinkles_0344.jpg,wrinkles
wrinkles_0345.jpg,wrinkles
wrinkles_0346.jpg,wrinkles
wrinkles_0347.jpg,wrinkles
wrinkles_0348.jpg,wrinkles
wrinkles_0349.jpg,wrinkles
wrinkles_0350.jpg,wrinkles
wrinkles_0351.jpg,wrinkles
wrinkles_0352.jpg,wrinkles
wrinkles_0353.jpg,wrinkles
wrinkles_0354.jpg,wrinkles
wrinkles_0355.jpg,wrinkles
wrinkles_0356.jpg,wrinkles
wrinkles_0357.jpg,wrinkles
wrinkles_0358.jpg,wrinkles
wrinkles_0359.jpg,wrinkles
wrinkles_0360.jpg,wrinkles
wrinkles_0361.jpg,wrinkles
wrinkles_0362.jpg,wrinkles
wrinkles_0363.jpg,wrinkles
wrinkles_0364.jpg,wrinkles
wrinkles_0365.jpg,wrinkles
wrinkles_0366.jpg,wrinkles
wrinkles_0367.jpg,wrinkles
wrinkles_0368.jpg,wrinkles
wrinkles_0369.jpg,wrinkles
wrinkles_0370.jpg,wrinkles
wrinkles_0371.jpg,wrinkles
wrinkles_0372.jpg,wrinkles
wrinkles_0373.jpg,wrinkles
wrinkles_0374.jpg,wrinkles
wrinkles_0375.jpg,wrinkles
wrinkles_0376.jpg,wrinkles
wrinkles_0377.jpg,wrinkles
wrinkles_0378.jpg,wrinkles
wrinkles_0379.jpg,wrinkles
wrinkles_0380.jpg,wrinkles
wrinkles_0381.jpg,wrinkles
wrinkles_0382.jpg,wrinkles
wrinkles_0383.jpg,wrinkles
wrinkles_0384.jpg,wrinkles
wrinkles_0385.jpg,wrinkles
wrinkles_0386.jpg,wrinkles
wrinkles_0387.jpg,wrinkles
wrinkles_0388.jpg,wrinkles
wrinkles_0390.jpg,wrinkles
wrinkles_0391.jpg,wrinkles
wrinkles_0392.jpg,wrinkles
wrinkles_0393.jpg,wrinkles
wrinkles_0394.jpg,wrinkles
wrinkles_0395.jpg,wrinkles
wrinkles_0396.jpg,wrinkles
wrinkles_0397.jpg,wrinkles
wrinkles_0398.jpg,wrinkles
wrinkles_0399.jpg,wrinkles
wrinkles_0400.jpg,wrinkles
wrinkles_replacement_0001.jpg,wrinkles
